<?xml version="1.0" encoding="utf-8"?>
<liste_matrice><matrice><question><reponse>0</reponse><reponse>0</reponse><reponse>0</reponse><reponse>0</reponse><reponse>0</reponse></question><question><reponse>0</reponse><reponse>0</reponse><reponse>0</reponse><reponse>0</reponse><reponse>0</reponse></question><question><reponse>0</reponse><reponse>0</reponse><reponse>0</reponse><reponse>0</reponse><reponse>0</reponse></question><question><reponse>0</reponse><reponse>0</reponse><reponse>0</reponse><reponse>0</reponse><reponse>1</reponse></question><question><reponse>0</reponse><reponse>0</reponse><reponse>0</reponse><reponse>0</reponse><reponse>0</reponse></question></matrice><matrice><question><reponse>0</reponse><reponse>0</reponse><reponse>0</reponse><reponse>0</reponse><reponse>0</reponse></question><question><reponse>0</reponse><reponse>0</reponse><reponse>0</reponse><reponse>0</reponse><reponse>0</reponse></question><question><reponse>0</reponse><reponse>0</reponse><reponse>0</reponse><reponse>0</reponse><reponse>0</reponse></question><question><reponse>0</reponse><reponse>0</reponse><reponse>0</reponse><reponse>0</reponse><reponse>1</reponse></question><question><reponse>0</reponse><reponse>0</reponse><reponse>0</reponse><reponse>0</reponse><reponse>0</reponse></question></matrice><matrice><question><reponse>0</reponse><reponse>0</reponse><reponse>0</reponse><reponse>0</reponse><reponse>0</reponse></question><question><reponse>0</reponse><reponse>0</reponse><reponse>0</reponse><reponse>0</reponse><reponse>0</reponse></question><question><reponse>0</reponse><reponse>0</reponse><reponse>0</reponse><reponse>0</reponse><reponse>0</reponse></question><question><reponse>0</reponse><reponse>0</reponse><reponse>0</reponse><reponse>0</reponse><reponse>1</reponse></question><question><reponse>0</reponse><reponse>0</reponse><reponse>0</reponse><reponse>0</reponse><reponse>0</reponse></question></matrice><matrice><question><reponse>0</reponse><reponse>0</reponse><reponse>0</reponse><reponse>0</reponse><reponse>0</reponse></question><question><reponse>0</reponse><reponse>0</reponse><reponse>0</reponse><reponse>0</reponse><reponse>0</reponse></question><question><reponse>0</reponse><reponse>0</reponse><reponse>0</reponse><reponse>0</reponse><reponse>0</reponse></question><question><reponse>0</reponse><reponse>0</reponse><reponse>0</reponse><reponse>0</reponse><reponse>1</reponse></question><question><reponse>0</reponse><reponse>0</reponse><reponse>0</reponse><reponse>0</reponse><reponse>0</reponse></question></matrice><matrice><question><reponse>0</reponse><reponse>0</reponse><reponse>0</reponse><reponse>0</reponse><reponse>0</reponse></question><question><reponse>0</reponse><reponse>0</reponse><reponse>0</reponse><reponse>0</reponse><reponse>0</reponse></question><question><reponse>0</reponse><reponse>0</reponse><reponse>0</reponse><reponse>0</reponse><reponse>0</reponse></question><question><reponse>0</reponse><reponse>0</reponse><reponse>0</reponse><reponse>0</reponse><reponse>1</reponse></question><question><reponse>0</reponse><reponse>0</reponse><reponse>0</reponse><reponse>0</reponse><reponse>0</reponse></question></matrice><matrice><question><reponse>0</reponse><reponse>0</reponse><reponse>0</reponse><reponse>0</reponse><reponse>0</reponse></question><question><reponse>0</reponse><reponse>0</reponse><reponse>0</reponse><reponse>0</reponse><reponse>0</reponse></question><question><reponse>0</reponse><reponse>0</reponse><reponse>0</reponse><reponse>0</reponse><reponse>0</reponse></question><question><reponse>0</reponse><reponse>0</reponse><reponse>0</reponse><reponse>0</reponse><reponse>1</reponse></question><question><reponse>0</reponse><reponse>0</reponse><reponse>0</reponse><reponse>0</reponse><reponse>0</reponse></question></matrice><matrice><question><reponse>0</reponse><reponse>0</reponse><reponse>0</reponse><reponse>0</reponse><reponse>0</reponse></question><question><reponse>0</reponse><reponse>0</reponse><reponse>1</reponse><reponse>0</reponse><reponse>0</reponse></question><question><reponse>0</reponse><reponse>0</reponse><reponse>0</reponse><reponse>0</reponse><reponse>0</reponse></question><question><reponse>0</reponse><reponse>0</reponse><reponse>0</reponse><reponse>0</reponse><reponse>0</reponse></question><question><reponse>0</reponse><reponse>0</reponse><reponse>0</reponse><reponse>0</reponse><reponse>0</reponse></question></matrice><matrice><question><reponse>0</reponse><reponse>0</reponse><reponse>0</reponse><reponse>0</reponse><reponse>0</reponse></question><question><reponse>0</reponse><reponse>0</reponse><reponse>1</reponse><reponse>0</reponse><reponse>0</reponse></question><question><reponse>0</reponse><reponse>0</reponse><reponse>0</reponse><reponse>0</reponse><reponse>0</reponse></question><question><reponse>0</reponse><reponse>0</reponse><reponse>0</reponse><reponse>0</reponse><reponse>0</reponse></question><question><reponse>0</reponse><reponse>0</reponse><reponse>0</reponse><reponse>0</reponse><reponse>0</reponse></question></matrice></liste_matrice>
